{"Money":1357.293212890625,"JumpLvl":50,"Income":38.01000213623047,"JumpUpgrade":490,"IncomeLvl":70,"IncomeUpgrade":690,"Score":11,"BestScore":146}