{"Money":21.050386428833009,"JumpLvl":0,"Income":0.009999999776482582,"JumpUpgrade":490,"IncomeLvl":70,"IncomeUpgrade":690,"BestComboScore":6,"BestScore":1000}