{"Money":711.123046875,"JumpLvl":50,"Income":38.01000213623047,"JumpUpgrade":490,"IncomeLvl":70,"IncomeUpgrade":690,"Score":10,"BestScore":146}