{"Money":1.2999991178512574,"JumpLvl":0,"Income":0.009999999776482582,"JumpUpgrade":490,"IncomeLvl":70,"IncomeUpgrade":690,"BestComboScore":1,"BestScore":147}