{"Money":4.380005359649658,"JumpLvl":0,"Income":0.009999999776482582,"JumpUpgrade":490,"IncomeLvl":70,"IncomeUpgrade":690,"BestComboScore":0,"BestScore":147}