{"Money":7856.98095703125,"JumpLvl":50,"Income":38.01000213623047,"JumpUpgrade":490,"IncomeLvl":70,"IncomeUpgrade":690,"Score":171,"BestScore":147}